sample_id,class_name,severity,trial,method,iou,dice,device
sample_000,aeroplane,clean,0,center_color,0.262385,0.415698,cpu
sample_000,aeroplane,clean,0,robust_superpixel,0.433684,0.604993,cpu
sample_000,aeroplane,clean,0,repaired_superpixel,0.432388,0.603730,cpu
sample_000,aeroplane,clean,0,sam_noisy_prompt,0.831604,0.908061,cuda
sample_000,aeroplane,clean,0,sam_repaired_prompt,0.886009,0.939559,cuda
sample_000,aeroplane,clean,0,sam_score_selected_prompt,0.886009,0.939559,cuda
sample_000,aeroplane,clean,0,sam_oracle_best_prompt,0.886009,0.939559,cuda
sample_000,aeroplane,mild,0,center_color,0.277904,0.434937,cpu
sample_000,aeroplane,mild,0,robust_superpixel,0.462692,0.632658,cpu
sample_000,aeroplane,mild,0,repaired_superpixel,0.291877,0.451864,cpu
sample_000,aeroplane,mild,0,sam_noisy_prompt,0.885837,0.939463,cuda
sample_000,aeroplane,mild,0,sam_repaired_prompt,0.876993,0.934466,cuda
sample_000,aeroplane,mild,0,sam_score_selected_prompt,0.876993,0.934466,cuda
sample_000,aeroplane,mild,0,sam_oracle_best_prompt,0.885837,0.939463,cuda
sample_000,aeroplane,mild,1,center_color,0.324164,0.489614,cpu
sample_000,aeroplane,mild,1,robust_superpixel,0.476990,0.645895,cpu
sample_000,aeroplane,mild,1,repaired_superpixel,0.482499,0.650927,cpu
sample_000,aeroplane,mild,1,sam_noisy_prompt,0.822242,0.902451,cuda
sample_000,aeroplane,mild,1,sam_repaired_prompt,0.853460,0.920937,cuda
sample_000,aeroplane,mild,1,sam_score_selected_prompt,0.853460,0.920937,cuda
sample_000,aeroplane,mild,1,sam_oracle_best_prompt,0.853460,0.920937,cuda
sample_000,aeroplane,moderate,0,center_color,0.296147,0.456966,cpu
sample_000,aeroplane,moderate,0,robust_superpixel,0.514840,0.679728,cpu
sample_000,aeroplane,moderate,0,repaired_superpixel,0.507510,0.673309,cpu
sample_000,aeroplane,moderate,0,sam_noisy_prompt,0.835833,0.910576,cuda
sample_000,aeroplane,moderate,0,sam_repaired_prompt,0.804619,0.891733,cuda
sample_000,aeroplane,moderate,0,sam_score_selected_prompt,0.804619,0.891733,cuda
sample_000,aeroplane,moderate,0,sam_oracle_best_prompt,0.835833,0.910576,cuda
sample_000,aeroplane,moderate,1,center_color,0.000409,0.000818,cpu
sample_000,aeroplane,moderate,1,robust_superpixel,0.193330,0.324017,cpu
sample_000,aeroplane,moderate,1,repaired_superpixel,0.179036,0.303700,cpu
sample_000,aeroplane,moderate,1,sam_noisy_prompt,0.837962,0.911838,cuda
sample_000,aeroplane,moderate,1,sam_repaired_prompt,0.068658,0.128494,cuda
sample_000,aeroplane,moderate,1,sam_score_selected_prompt,0.837962,0.911838,cuda
sample_000,aeroplane,moderate,1,sam_oracle_best_prompt,0.837962,0.911838,cuda
sample_001,train,clean,0,center_color,0.660950,0.795870,cpu
sample_001,train,clean,0,robust_superpixel,0.683475,0.811981,cpu
sample_001,train,clean,0,repaired_superpixel,0.572586,0.728210,cpu
sample_001,train,clean,0,sam_noisy_prompt,0.935465,0.966657,cuda
sample_001,train,clean,0,sam_repaired_prompt,0.838012,0.911868,cuda
sample_001,train,clean,0,sam_score_selected_prompt,0.935465,0.966657,cuda
sample_001,train,clean,0,sam_oracle_best_prompt,0.935465,0.966657,cuda
sample_001,train,mild,0,center_color,0.396257,0.567599,cpu
sample_001,train,mild,0,robust_superpixel,0.405902,0.577426,cpu
sample_001,train,mild,0,repaired_superpixel,0.424959,0.596451,cpu
sample_001,train,mild,0,sam_noisy_prompt,0.771941,0.871294,cuda
sample_001,train,mild,0,sam_repaired_prompt,0.594698,0.745844,cuda
sample_001,train,mild,0,sam_score_selected_prompt,0.771941,0.871294,cuda
sample_001,train,mild,0,sam_oracle_best_prompt,0.771941,0.871294,cuda
sample_001,train,mild,1,center_color,0.047460,0.090618,cpu
sample_001,train,mild,1,robust_superpixel,0.645613,0.784647,cpu
sample_001,train,mild,1,repaired_superpixel,0.589599,0.741821,cpu
sample_001,train,mild,1,sam_noisy_prompt,0.938400,0.968221,cuda
sample_001,train,mild,1,sam_repaired_prompt,0.930750,0.964133,cuda
sample_001,train,mild,1,sam_score_selected_prompt,0.930750,0.964133,cuda
sample_001,train,mild,1,sam_oracle_best_prompt,0.938400,0.968221,cuda
sample_001,train,moderate,0,center_color,0.000021,0.000043,cpu
sample_001,train,moderate,0,robust_superpixel,0.177077,0.300876,cpu
sample_001,train,moderate,0,repaired_superpixel,0.154692,0.267936,cpu
sample_001,train,moderate,0,sam_noisy_prompt,0.757167,0.861804,cuda
sample_001,train,moderate,0,sam_repaired_prompt,0.269734,0.424867,cuda
sample_001,train,moderate,0,sam_score_selected_prompt,0.757167,0.861804,cuda
sample_001,train,moderate,0,sam_oracle_best_prompt,0.757167,0.861804,cuda
sample_001,train,moderate,1,center_color,0.397815,0.569195,cpu
sample_001,train,moderate,1,robust_superpixel,0.638431,0.779320,cpu
sample_001,train,moderate,1,repaired_superpixel,0.514159,0.679135,cpu
sample_001,train,moderate,1,sam_noisy_prompt,0.780190,0.876525,cuda
sample_001,train,moderate,1,sam_repaired_prompt,0.788225,0.881572,cuda
sample_001,train,moderate,1,sam_score_selected_prompt,0.788225,0.881572,cuda
sample_001,train,moderate,1,sam_oracle_best_prompt,0.788225,0.881572,cuda
sample_002,boat,clean,0,center_color,0.269366,0.424410,cpu
sample_002,boat,clean,0,robust_superpixel,0.269366,0.424410,cpu
sample_002,boat,clean,0,repaired_superpixel,0.277772,0.434776,cpu
sample_002,boat,clean,0,sam_noisy_prompt,0.730807,0.844470,cuda
sample_002,boat,clean,0,sam_repaired_prompt,0.000036,0.000072,cuda
sample_002,boat,clean,0,sam_score_selected_prompt,0.730807,0.844470,cuda
sample_002,boat,clean,0,sam_oracle_best_prompt,0.730807,0.844470,cuda
sample_002,boat,mild,0,center_color,0.465950,0.635697,cpu
sample_002,boat,mild,0,robust_superpixel,0.294430,0.454918,cpu
sample_002,boat,mild,0,repaired_superpixel,0.159211,0.274688,cpu
sample_002,boat,mild,0,sam_noisy_prompt,0.616127,0.762473,cuda
sample_002,boat,mild,0,sam_repaired_prompt,0.116399,0.208526,cuda
sample_002,boat,mild,0,sam_score_selected_prompt,0.616127,0.762473,cuda
sample_002,boat,mild,0,sam_oracle_best_prompt,0.616127,0.762473,cuda
sample_002,boat,mild,1,center_color,0.250323,0.400413,cpu
sample_002,boat,mild,1,robust_superpixel,0.250223,0.400285,cpu
sample_002,boat,mild,1,repaired_superpixel,0.250108,0.400138,cpu
sample_002,boat,mild,1,sam_noisy_prompt,0.833645,0.909276,cuda
sample_002,boat,mild,1,sam_repaired_prompt,0.000820,0.001638,cuda
sample_002,boat,mild,1,sam_score_selected_prompt,0.000820,0.001638,cuda
sample_002,boat,mild,1,sam_oracle_best_prompt,0.833645,0.909276,cuda
sample_002,boat,moderate,0,center_color,0.210253,0.347453,cpu
sample_002,boat,moderate,0,robust_superpixel,0.210166,0.347335,cpu
sample_002,boat,moderate,0,repaired_superpixel,0.209957,0.347049,cpu
sample_002,boat,moderate,0,sam_noisy_prompt,0.507266,0.673094,cuda
sample_002,boat,moderate,0,sam_repaired_prompt,0.855312,0.922014,cuda
sample_002,boat,moderate,0,sam_score_selected_prompt,0.507266,0.673094,cuda
sample_002,boat,moderate,0,sam_oracle_best_prompt,0.855312,0.922014,cuda
sample_002,boat,moderate,1,center_color,0.224016,0.366034,cpu
sample_002,boat,moderate,1,robust_superpixel,0.224016,0.366034,cpu
sample_002,boat,moderate,1,repaired_superpixel,0.225199,0.367612,cpu
sample_002,boat,moderate,1,sam_noisy_prompt,0.882445,0.937552,cuda
sample_002,boat,moderate,1,sam_repaired_prompt,0.000000,0.000000,cuda
sample_002,boat,moderate,1,sam_score_selected_prompt,0.000000,0.000000,cuda
sample_002,boat,moderate,1,sam_oracle_best_prompt,0.882445,0.937552,cuda
sample_003,train,clean,0,center_color,0.496248,0.663323,cpu
sample_003,train,clean,0,robust_superpixel,0.592248,0.743914,cpu
sample_003,train,clean,0,repaired_superpixel,0.573949,0.729311,cpu
sample_003,train,clean,0,sam_noisy_prompt,0.951961,0.975390,cuda
sample_003,train,clean,0,sam_repaired_prompt,0.935888,0.966882,cuda
sample_003,train,clean,0,sam_score_selected_prompt,0.951961,0.975390,cuda
sample_003,train,clean,0,sam_oracle_best_prompt,0.951961,0.975390,cuda
sample_003,train,mild,0,center_color,0.636997,0.778251,cpu
sample_003,train,mild,0,robust_superpixel,0.665387,0.799078,cpu
sample_003,train,mild,0,repaired_superpixel,0.557673,0.716033,cpu
sample_003,train,mild,0,sam_noisy_prompt,0.903750,0.949442,cuda
sample_003,train,mild,0,sam_repaired_prompt,0.908681,0.952156,cuda
sample_003,train,mild,0,sam_score_selected_prompt,0.903750,0.949442,cuda
sample_003,train,mild,0,sam_oracle_best_prompt,0.908681,0.952156,cuda
sample_003,train,mild,1,center_color,0.349099,0.517529,cpu
sample_003,train,mild,1,robust_superpixel,0.374761,0.545202,cpu
sample_003,train,mild,1,repaired_superpixel,0.417207,0.588774,cpu
sample_003,train,mild,1,sam_noisy_prompt,0.484857,0.653069,cuda
sample_003,train,mild,1,sam_repaired_prompt,0.452311,0.622884,cuda
sample_003,train,mild,1,sam_score_selected_prompt,0.484857,0.653069,cuda
sample_003,train,mild,1,sam_oracle_best_prompt,0.484857,0.653069,cuda
sample_003,train,moderate,0,center_color,0.466480,0.636190,cpu
sample_003,train,moderate,0,robust_superpixel,0.557602,0.715975,cpu
sample_003,train,moderate,0,repaired_superpixel,0.500145,0.666796,cpu
sample_003,train,moderate,0,sam_noisy_prompt,0.869599,0.930252,cuda
sample_003,train,moderate,0,sam_repaired_prompt,0.865928,0.928147,cuda
sample_003,train,moderate,0,sam_score_selected_prompt,0.865928,0.928147,cuda
sample_003,train,moderate,0,sam_oracle_best_prompt,0.869599,0.930252,cuda
sample_003,train,moderate,1,center_color,0.445454,0.616352,cpu
sample_003,train,moderate,1,robust_superpixel,0.603041,0.752371,cpu
sample_003,train,moderate,1,repaired_superpixel,0.602848,0.752221,cpu
sample_003,train,moderate,1,sam_noisy_prompt,0.797617,0.887416,cuda
sample_003,train,moderate,1,sam_repaired_prompt,0.821464,0.901982,cuda
sample_003,train,moderate,1,sam_score_selected_prompt,0.797617,0.887416,cuda
sample_003,train,moderate,1,sam_oracle_best_prompt,0.821464,0.901982,cuda
sample_004,person,clean,0,center_color,0.392706,0.563947,cpu
sample_004,person,clean,0,robust_superpixel,0.398652,0.570051,cpu
sample_004,person,clean,0,repaired_superpixel,0.439537,0.610665,cpu
sample_004,person,clean,0,sam_noisy_prompt,0.670492,0.802748,cuda
sample_004,person,clean,0,sam_repaired_prompt,0.820739,0.901545,cuda
sample_004,person,clean,0,sam_score_selected_prompt,0.820739,0.901545,cuda
sample_004,person,clean,0,sam_oracle_best_prompt,0.820739,0.901545,cuda
sample_004,person,mild,0,center_color,0.317025,0.481426,cpu
sample_004,person,mild,0,robust_superpixel,0.324895,0.490447,cpu
sample_004,person,mild,0,repaired_superpixel,0.361926,0.531492,cpu
sample_004,person,mild,0,sam_noisy_prompt,0.366567,0.536479,cuda
sample_004,person,mild,0,sam_repaired_prompt,0.017004,0.033438,cuda
sample_004,person,mild,0,sam_score_selected_prompt,0.366567,0.536479,cuda
sample_004,person,mild,0,sam_oracle_best_prompt,0.366567,0.536479,cuda
sample_004,person,mild,1,center_color,0.446012,0.616885,cpu
sample_004,person,mild,1,robust_superpixel,0.451035,0.621673,cpu
sample_004,person,mild,1,repaired_superpixel,0.461576,0.631614,cpu
sample_004,person,mild,1,sam_noisy_prompt,0.651382,0.788893,cuda
sample_004,person,mild,1,sam_repaired_prompt,0.685854,0.813658,cuda
sample_004,person,mild,1,sam_score_selected_prompt,0.651382,0.788893,cuda
sample_004,person,mild,1,sam_oracle_best_prompt,0.685854,0.813658,cuda
sample_004,person,moderate,0,center_color,0.320215,0.485095,cpu
sample_004,person,moderate,0,robust_superpixel,0.371125,0.541344,cpu
sample_004,person,moderate,0,repaired_superpixel,0.414234,0.585807,cpu
sample_004,person,moderate,0,sam_noisy_prompt,0.642114,0.782058,cuda
sample_004,person,moderate,0,sam_repaired_prompt,0.613110,0.760159,cuda
sample_004,person,moderate,0,sam_score_selected_prompt,0.642114,0.782058,cuda
sample_004,person,moderate,0,sam_oracle_best_prompt,0.642114,0.782058,cuda
sample_004,person,moderate,1,center_color,0.007606,0.015098,cpu
sample_004,person,moderate,1,robust_superpixel,0.008145,0.016158,cpu
sample_004,person,moderate,1,repaired_superpixel,0.013692,0.027015,cpu
sample_004,person,moderate,1,sam_noisy_prompt,0.121990,0.217453,cuda
sample_004,person,moderate,1,sam_repaired_prompt,0.020423,0.040028,cuda
sample_004,person,moderate,1,sam_score_selected_prompt,0.020423,0.040028,cuda
sample_004,person,moderate,1,sam_oracle_best_prompt,0.121990,0.217453,cuda
sample_005,sheep,clean,0,center_color,0.624553,0.768892,cpu
sample_005,sheep,clean,0,robust_superpixel,0.658396,0.794015,cpu
sample_005,sheep,clean,0,repaired_superpixel,0.745522,0.854211,cpu
sample_005,sheep,clean,0,sam_noisy_prompt,0.873784,0.932641,cuda
sample_005,sheep,clean,0,sam_repaired_prompt,0.872965,0.932174,cuda
sample_005,sheep,clean,0,sam_score_selected_prompt,0.872965,0.932174,cuda
sample_005,sheep,clean,0,sam_oracle_best_prompt,0.873784,0.932641,cuda
sample_005,sheep,mild,0,center_color,0.567213,0.723849,cpu
sample_005,sheep,mild,0,robust_superpixel,0.677458,0.807720,cpu
sample_005,sheep,mild,0,repaired_superpixel,0.760589,0.864017,cpu
sample_005,sheep,mild,0,sam_noisy_prompt,0.933279,0.965488,cuda
sample_005,sheep,mild,0,sam_repaired_prompt,0.924041,0.960521,cuda
sample_005,sheep,mild,0,sam_score_selected_prompt,0.933279,0.965488,cuda
sample_005,sheep,mild,0,sam_oracle_best_prompt,0.933279,0.965488,cuda
sample_005,sheep,mild,1,center_color,0.628531,0.771899,cpu
sample_005,sheep,mild,1,robust_superpixel,0.794706,0.885611,cpu
sample_005,sheep,mild,1,repaired_superpixel,0.684239,0.812520,cpu
sample_005,sheep,mild,1,sam_noisy_prompt,0.912794,0.954409,cuda
sample_005,sheep,mild,1,sam_repaired_prompt,0.915693,0.955991,cuda
sample_005,sheep,mild,1,sam_score_selected_prompt,0.912794,0.954409,cuda
sample_005,sheep,mild,1,sam_oracle_best_prompt,0.915693,0.955991,cuda
sample_005,sheep,moderate,0,center_color,0.000588,0.001174,cpu
sample_005,sheep,moderate,0,robust_superpixel,0.361973,0.531543,cpu
sample_005,sheep,moderate,0,repaired_superpixel,0.315065,0.479163,cpu
sample_005,sheep,moderate,0,sam_noisy_prompt,0.871253,0.931197,cuda
sample_005,sheep,moderate,0,sam_repaired_prompt,0.519642,0.683901,cuda
sample_005,sheep,moderate,0,sam_score_selected_prompt,0.519642,0.683901,cuda
sample_005,sheep,moderate,0,sam_oracle_best_prompt,0.871253,0.931197,cuda
sample_005,sheep,moderate,1,center_color,0.610766,0.758355,cpu
sample_005,sheep,moderate,1,robust_superpixel,0.829445,0.906772,cpu
sample_005,sheep,moderate,1,repaired_superpixel,0.736840,0.848483,cpu
sample_005,sheep,moderate,1,sam_noisy_prompt,0.938414,0.968229,cuda
sample_005,sheep,moderate,1,sam_repaired_prompt,0.945295,0.971878,cuda
sample_005,sheep,moderate,1,sam_score_selected_prompt,0.945295,0.971878,cuda
sample_005,sheep,moderate,1,sam_oracle_best_prompt,0.945295,0.971878,cuda
sample_006,tvmonitor,clean,0,center_color,0.316638,0.480980,cpu
sample_006,tvmonitor,clean,0,robust_superpixel,0.545205,0.705673,cpu
sample_006,tvmonitor,clean,0,repaired_superpixel,0.495179,0.662367,cpu
sample_006,tvmonitor,clean,0,sam_noisy_prompt,0.973765,0.986708,cuda
sample_006,tvmonitor,clean,0,sam_repaired_prompt,0.532503,0.694946,cuda
sample_006,tvmonitor,clean,0,sam_score_selected_prompt,0.532503,0.694946,cuda
sample_006,tvmonitor,clean,0,sam_oracle_best_prompt,0.973765,0.986708,cuda
sample_006,tvmonitor,mild,0,center_color,0.400990,0.572438,cpu
sample_006,tvmonitor,mild,0,robust_superpixel,0.513428,0.678497,cpu
sample_006,tvmonitor,mild,0,repaired_superpixel,0.509477,0.675038,cpu
sample_006,tvmonitor,mild,0,sam_noisy_prompt,0.975755,0.987729,cuda
sample_006,tvmonitor,mild,0,sam_repaired_prompt,0.535913,0.697843,cuda
sample_006,tvmonitor,mild,0,sam_score_selected_prompt,0.535913,0.697843,cuda
sample_006,tvmonitor,mild,0,sam_oracle_best_prompt,0.975755,0.987729,cuda
sample_006,tvmonitor,mild,1,center_color,0.541906,0.702904,cpu
sample_006,tvmonitor,mild,1,robust_superpixel,0.589682,0.741887,cpu
sample_006,tvmonitor,mild,1,repaired_superpixel,0.507257,0.673086,cpu
sample_006,tvmonitor,mild,1,sam_noisy_prompt,0.777912,0.875085,cuda
sample_006,tvmonitor,mild,1,sam_repaired_prompt,0.773890,0.872535,cuda
sample_006,tvmonitor,mild,1,sam_score_selected_prompt,0.777912,0.875085,cuda
sample_006,tvmonitor,mild,1,sam_oracle_best_prompt,0.777912,0.875085,cuda
sample_006,tvmonitor,moderate,0,center_color,0.259911,0.412586,cpu
sample_006,tvmonitor,moderate,0,robust_superpixel,0.347309,0.515559,cpu
sample_006,tvmonitor,moderate,0,repaired_superpixel,0.391795,0.563007,cpu
sample_006,tvmonitor,moderate,0,sam_noisy_prompt,0.513370,0.678446,cuda
sample_006,tvmonitor,moderate,0,sam_repaired_prompt,0.535640,0.697611,cuda
sample_006,tvmonitor,moderate,0,sam_score_selected_prompt,0.535640,0.697611,cuda
sample_006,tvmonitor,moderate,0,sam_oracle_best_prompt,0.535640,0.697611,cuda
sample_006,tvmonitor,moderate,1,center_color,0.404886,0.576397,cpu
sample_006,tvmonitor,moderate,1,robust_superpixel,0.425613,0.597095,cpu
sample_006,tvmonitor,moderate,1,repaired_superpixel,0.452769,0.623319,cpu
sample_006,tvmonitor,moderate,1,sam_noisy_prompt,0.527731,0.690869,cuda
sample_006,tvmonitor,moderate,1,sam_repaired_prompt,0.531335,0.693950,cuda
sample_006,tvmonitor,moderate,1,sam_score_selected_prompt,0.531335,0.693950,cuda
sample_006,tvmonitor,moderate,1,sam_oracle_best_prompt,0.531335,0.693950,cuda
sample_007,person,clean,0,center_color,0.313475,0.477321,cpu
sample_007,person,clean,0,robust_superpixel,0.395683,0.567010,cpu
sample_007,person,clean,0,repaired_superpixel,0.480039,0.648684,cpu
sample_007,person,clean,0,sam_noisy_prompt,0.822423,0.902560,cuda
sample_007,person,clean,0,sam_repaired_prompt,0.490923,0.658549,cuda
sample_007,person,clean,0,sam_score_selected_prompt,0.490923,0.658549,cuda
sample_007,person,clean,0,sam_oracle_best_prompt,0.822423,0.902560,cuda
sample_007,person,mild,0,center_color,0.579515,0.733788,cpu
sample_007,person,mild,0,robust_superpixel,0.554563,0.713464,cpu
sample_007,person,mild,0,repaired_superpixel,0.512036,0.677280,cpu
sample_007,person,mild,0,sam_noisy_prompt,0.437790,0.608976,cuda
sample_007,person,mild,0,sam_repaired_prompt,0.486717,0.654754,cuda
sample_007,person,mild,0,sam_score_selected_prompt,0.437790,0.608976,cuda
sample_007,person,mild,0,sam_oracle_best_prompt,0.486717,0.654754,cuda
sample_007,person,mild,1,center_color,0.167413,0.286810,cpu
sample_007,person,mild,1,robust_superpixel,0.365415,0.535244,cpu
sample_007,person,mild,1,repaired_superpixel,0.496307,0.663376,cpu
sample_007,person,mild,1,sam_noisy_prompt,0.356994,0.526154,cuda
sample_007,person,mild,1,sam_repaired_prompt,0.351406,0.520060,cuda
sample_007,person,mild,1,sam_score_selected_prompt,0.351406,0.520060,cuda
sample_007,person,mild,1,sam_oracle_best_prompt,0.356994,0.526154,cuda
sample_007,person,moderate,0,center_color,0.286709,0.445647,cpu
sample_007,person,moderate,0,robust_superpixel,0.311478,0.475002,cpu
sample_007,person,moderate,0,repaired_superpixel,0.269694,0.424817,cpu
sample_007,person,moderate,0,sam_noisy_prompt,0.224697,0.366943,cuda
sample_007,person,moderate,0,sam_repaired_prompt,0.000210,0.000420,cuda
sample_007,person,moderate,0,sam_score_selected_prompt,0.000210,0.000420,cuda
sample_007,person,moderate,0,sam_oracle_best_prompt,0.224697,0.366943,cuda
sample_007,person,moderate,1,center_color,0.540061,0.701350,cpu
sample_007,person,moderate,1,robust_superpixel,0.539661,0.701013,cpu
sample_007,person,moderate,1,repaired_superpixel,0.501955,0.668402,cpu
sample_007,person,moderate,1,sam_noisy_prompt,0.322257,0.487435,cuda
sample_007,person,moderate,1,sam_repaired_prompt,0.160845,0.277118,cuda
sample_007,person,moderate,1,sam_score_selected_prompt,0.322257,0.487435,cuda
sample_007,person,moderate,1,sam_oracle_best_prompt,0.322257,0.487435,cuda
sample_008,horse,clean,0,center_color,0.343483,0.511332,cpu
sample_008,horse,clean,0,robust_superpixel,0.444881,0.615803,cpu
sample_008,horse,clean,0,repaired_superpixel,0.393680,0.564950,cpu
sample_008,horse,clean,0,sam_noisy_prompt,0.725849,0.841150,cuda
sample_008,horse,clean,0,sam_repaired_prompt,0.753433,0.859381,cuda
sample_008,horse,clean,0,sam_score_selected_prompt,0.753433,0.859381,cuda
sample_008,horse,clean,0,sam_oracle_best_prompt,0.753433,0.859381,cuda
sample_008,horse,mild,0,center_color,0.278395,0.435539,cpu
sample_008,horse,mild,0,robust_superpixel,0.377817,0.548428,cpu
sample_008,horse,mild,0,repaired_superpixel,0.224482,0.366656,cpu
sample_008,horse,mild,0,sam_noisy_prompt,0.610715,0.758315,cuda
sample_008,horse,mild,0,sam_repaired_prompt,0.606336,0.754931,cuda
sample_008,horse,mild,0,sam_score_selected_prompt,0.610715,0.758315,cuda
sample_008,horse,mild,0,sam_oracle_best_prompt,0.610715,0.758315,cuda
sample_008,horse,mild,1,center_color,0.286073,0.444878,cpu
sample_008,horse,mild,1,robust_superpixel,0.363841,0.533553,cpu
sample_008,horse,mild,1,repaired_superpixel,0.383878,0.554786,cpu
sample_008,horse,mild,1,sam_noisy_prompt,0.682715,0.811444,cuda
sample_008,horse,mild,1,sam_repaired_prompt,0.679766,0.809358,cuda
sample_008,horse,mild,1,sam_score_selected_prompt,0.679766,0.809358,cuda
sample_008,horse,mild,1,sam_oracle_best_prompt,0.682715,0.811444,cuda
sample_008,horse,moderate,0,center_color,0.247676,0.397020,cpu
sample_008,horse,moderate,0,robust_superpixel,0.318421,0.483034,cpu
sample_008,horse,moderate,0,repaired_superpixel,0.348927,0.517341,cpu
sample_008,horse,moderate,0,sam_noisy_prompt,0.584159,0.737501,cuda
sample_008,horse,moderate,0,sam_repaired_prompt,0.722542,0.838925,cuda
sample_008,horse,moderate,0,sam_score_selected_prompt,0.584159,0.737501,cuda
sample_008,horse,moderate,0,sam_oracle_best_prompt,0.722542,0.838925,cuda
sample_008,horse,moderate,1,center_color,0.135464,0.238605,cpu
sample_008,horse,moderate,1,robust_superpixel,0.320045,0.484901,cpu
sample_008,horse,moderate,1,repaired_superpixel,0.385022,0.555980,cpu
sample_008,horse,moderate,1,sam_noisy_prompt,0.727494,0.842254,cuda
sample_008,horse,moderate,1,sam_repaired_prompt,0.763846,0.866114,cuda
sample_008,horse,moderate,1,sam_score_selected_prompt,0.763846,0.866114,cuda
sample_008,horse,moderate,1,sam_oracle_best_prompt,0.763846,0.866114,cuda
sample_009,person,clean,0,center_color,0.825239,0.904253,cpu
sample_009,person,clean,0,robust_superpixel,0.825239,0.904253,cpu
sample_009,person,clean,0,repaired_superpixel,0.821845,0.902212,cpu
sample_009,person,clean,0,sam_noisy_prompt,0.965467,0.982430,cuda
sample_009,person,clean,0,sam_repaired_prompt,0.968186,0.983836,cuda
sample_009,person,clean,0,sam_score_selected_prompt,0.965467,0.982430,cuda
sample_009,person,clean,0,sam_oracle_best_prompt,0.968186,0.983836,cuda
sample_009,person,mild,0,center_color,0.817144,0.899372,cpu
sample_009,person,mild,0,robust_superpixel,0.817144,0.899372,cpu
sample_009,person,mild,0,repaired_superpixel,0.811498,0.895941,cpu
sample_009,person,mild,0,sam_noisy_prompt,0.967913,0.983695,cuda
sample_009,person,mild,0,sam_repaired_prompt,0.969084,0.984299,cuda
sample_009,person,mild,0,sam_score_selected_prompt,0.967913,0.983695,cuda
sample_009,person,mild,0,sam_oracle_best_prompt,0.969084,0.984299,cuda
sample_009,person,mild,1,center_color,0.823737,0.903351,cpu
sample_009,person,mild,1,robust_superpixel,0.823737,0.903351,cpu
sample_009,person,mild,1,repaired_superpixel,0.829151,0.906596,cpu
sample_009,person,mild,1,sam_noisy_prompt,0.954609,0.976778,cuda
sample_009,person,mild,1,sam_repaired_prompt,0.954739,0.976846,cuda
sample_009,person,mild,1,sam_score_selected_prompt,0.954739,0.976846,cuda
sample_009,person,mild,1,sam_oracle_best_prompt,0.954739,0.976846,cuda
sample_009,person,moderate,0,center_color,0.701934,0.824866,cpu
sample_009,person,moderate,0,robust_superpixel,0.688558,0.815557,cpu
sample_009,person,moderate,0,repaired_superpixel,0.768546,0.869128,cpu
sample_009,person,moderate,0,sam_noisy_prompt,0.950791,0.974775,cuda
sample_009,person,moderate,0,sam_repaired_prompt,0.950676,0.974714,cuda
sample_009,person,moderate,0,sam_score_selected_prompt,0.950791,0.974775,cuda
sample_009,person,moderate,0,sam_oracle_best_prompt,0.950791,0.974775,cuda
sample_009,person,moderate,1,center_color,0.676752,0.807218,cpu
sample_009,person,moderate,1,robust_superpixel,0.676752,0.807218,cpu
sample_009,person,moderate,1,repaired_superpixel,0.682822,0.811520,cpu
sample_009,person,moderate,1,sam_noisy_prompt,0.841553,0.913960,cuda
sample_009,person,moderate,1,sam_repaired_prompt,0.694408,0.819647,cuda
sample_009,person,moderate,1,sam_score_selected_prompt,0.694408,0.819647,cuda
sample_009,person,moderate,1,sam_oracle_best_prompt,0.841553,0.913960,cuda
sample_010,sofa,clean,0,center_color,0.562012,0.719600,cpu
sample_010,sofa,clean,0,robust_superpixel,0.633092,0.775329,cpu
sample_010,sofa,clean,0,repaired_superpixel,0.659843,0.795067,cpu
sample_010,sofa,clean,0,sam_noisy_prompt,0.835908,0.910621,cuda
sample_010,sofa,clean,0,sam_repaired_prompt,0.967241,0.983347,cuda
sample_010,sofa,clean,0,sam_score_selected_prompt,0.835908,0.910621,cuda
sample_010,sofa,clean,0,sam_oracle_best_prompt,0.967241,0.983347,cuda
sample_010,sofa,mild,0,center_color,0.518939,0.683292,cpu
sample_010,sofa,mild,0,robust_superpixel,0.591573,0.743382,cpu
sample_010,sofa,mild,0,repaired_superpixel,0.600654,0.750511,cpu
sample_010,sofa,mild,0,sam_noisy_prompt,0.924429,0.960731,cuda
sample_010,sofa,mild,0,sam_repaired_prompt,0.974454,0.987062,cuda
sample_010,sofa,mild,0,sam_score_selected_prompt,0.924429,0.960731,cuda
sample_010,sofa,mild,0,sam_oracle_best_prompt,0.974454,0.987062,cuda
sample_010,sofa,mild,1,center_color,0.547236,0.707372,cpu
sample_010,sofa,mild,1,robust_superpixel,0.605029,0.753917,cpu
sample_010,sofa,mild,1,repaired_superpixel,0.660108,0.795259,cpu
sample_010,sofa,mild,1,sam_noisy_prompt,0.972652,0.986137,cuda
sample_010,sofa,mild,1,sam_repaired_prompt,0.972953,0.986291,cuda
sample_010,sofa,mild,1,sam_score_selected_prompt,0.972953,0.986291,cuda
sample_010,sofa,mild,1,sam_oracle_best_prompt,0.972953,0.986291,cuda
sample_010,sofa,moderate,0,center_color,0.352124,0.520846,cpu
sample_010,sofa,moderate,0,robust_superpixel,0.412383,0.583954,cpu
sample_010,sofa,moderate,0,repaired_superpixel,0.456080,0.626449,cpu
sample_010,sofa,moderate,0,sam_noisy_prompt,0.754084,0.859804,cuda
sample_010,sofa,moderate,0,sam_repaired_prompt,0.714394,0.833407,cuda
sample_010,sofa,moderate,0,sam_score_selected_prompt,0.754084,0.859804,cuda
sample_010,sofa,moderate,0,sam_oracle_best_prompt,0.754084,0.859804,cuda
sample_010,sofa,moderate,1,center_color,0.472845,0.642083,cpu
sample_010,sofa,moderate,1,robust_superpixel,0.494922,0.662138,cpu
sample_010,sofa,moderate,1,repaired_superpixel,0.484349,0.652608,cpu
sample_010,sofa,moderate,1,sam_noisy_prompt,0.742396,0.852155,cuda
sample_010,sofa,moderate,1,sam_repaired_prompt,0.686260,0.813943,cuda
sample_010,sofa,moderate,1,sam_score_selected_prompt,0.742396,0.852155,cuda
sample_010,sofa,moderate,1,sam_oracle_best_prompt,0.742396,0.852155,cuda
sample_011,cow,clean,0,center_color,0.828099,0.905967,cpu
sample_011,cow,clean,0,robust_superpixel,0.834583,0.909834,cpu
sample_011,cow,clean,0,repaired_superpixel,0.824479,0.903796,cpu
sample_011,cow,clean,0,sam_noisy_prompt,0.894901,0.944536,cuda
sample_011,cow,clean,0,sam_repaired_prompt,0.896212,0.945266,cuda
sample_011,cow,clean,0,sam_score_selected_prompt,0.896212,0.945266,cuda
sample_011,cow,clean,0,sam_oracle_best_prompt,0.896212,0.945266,cuda
sample_011,cow,mild,0,center_color,0.722933,0.839189,cpu
sample_011,cow,mild,0,robust_superpixel,0.725472,0.840897,cpu
sample_011,cow,mild,0,repaired_superpixel,0.712166,0.831889,cpu
sample_011,cow,mild,0,sam_noisy_prompt,0.849856,0.918835,cuda
sample_011,cow,mild,0,sam_repaired_prompt,0.885818,0.939452,cuda
sample_011,cow,mild,0,sam_score_selected_prompt,0.849856,0.918835,cuda
sample_011,cow,mild,0,sam_oracle_best_prompt,0.885818,0.939452,cuda
sample_011,cow,mild,1,center_color,0.808132,0.893886,cpu
sample_011,cow,mild,1,robust_superpixel,0.810222,0.895163,cpu
sample_011,cow,mild,1,repaired_superpixel,0.824344,0.903716,cpu
sample_011,cow,mild,1,sam_noisy_prompt,0.889243,0.941375,cuda
sample_011,cow,mild,1,sam_repaired_prompt,0.874544,0.933074,cuda
sample_011,cow,mild,1,sam_score_selected_prompt,0.889243,0.941375,cuda
sample_011,cow,mild,1,sam_oracle_best_prompt,0.889243,0.941375,cuda
sample_011,cow,moderate,0,center_color,0.538594,0.700112,cpu
sample_011,cow,moderate,0,robust_superpixel,0.538594,0.700112,cpu
sample_011,cow,moderate,0,repaired_superpixel,0.471124,0.640496,cpu
sample_011,cow,moderate,0,sam_noisy_prompt,0.829768,0.906965,cuda
sample_011,cow,moderate,0,sam_repaired_prompt,0.813595,0.897218,cuda
sample_011,cow,moderate,0,sam_score_selected_prompt,0.829768,0.906965,cuda
sample_011,cow,moderate,0,sam_oracle_best_prompt,0.829768,0.906965,cuda
sample_011,cow,moderate,1,center_color,0.805982,0.892569,cpu
sample_011,cow,moderate,1,robust_superpixel,0.788689,0.881863,cpu
sample_011,cow,moderate,1,repaired_superpixel,0.807351,0.893408,cpu
sample_011,cow,moderate,1,sam_noisy_prompt,0.891210,0.942476,cuda
sample_011,cow,moderate,1,sam_repaired_prompt,0.895066,0.944628,cuda
sample_011,cow,moderate,1,sam_score_selected_prompt,0.891210,0.942476,cuda
sample_011,cow,moderate,1,sam_oracle_best_prompt,0.895066,0.944628,cuda
sample_012,cow,clean,0,center_color,0.595955,0.746832,cpu
sample_012,cow,clean,0,robust_superpixel,0.595955,0.746832,cpu
sample_012,cow,clean,0,repaired_superpixel,0.596092,0.746939,cpu
sample_012,cow,clean,0,sam_noisy_prompt,0.942932,0.970628,cuda
sample_012,cow,clean,0,sam_repaired_prompt,0.539784,0.701117,cuda
sample_012,cow,clean,0,sam_score_selected_prompt,0.942932,0.970628,cuda
sample_012,cow,clean,0,sam_oracle_best_prompt,0.942932,0.970628,cuda
sample_012,cow,mild,0,center_color,0.436533,0.607759,cpu
sample_012,cow,mild,0,robust_superpixel,0.437017,0.608228,cpu
sample_012,cow,mild,0,repaired_superpixel,0.436481,0.607708,cpu
sample_012,cow,mild,0,sam_noisy_prompt,0.800135,0.888972,cuda
sample_012,cow,mild,0,sam_repaired_prompt,0.651639,0.789082,cuda
sample_012,cow,mild,0,sam_score_selected_prompt,0.800135,0.888972,cuda
sample_012,cow,mild,0,sam_oracle_best_prompt,0.800135,0.888972,cuda
sample_012,cow,mild,1,center_color,0.560004,0.717952,cpu
sample_012,cow,mild,1,robust_superpixel,0.560006,0.717953,cpu
sample_012,cow,mild,1,repaired_superpixel,0.559905,0.717870,cpu
sample_012,cow,mild,1,sam_noisy_prompt,0.876730,0.934316,cuda
sample_012,cow,mild,1,sam_repaired_prompt,0.643860,0.783351,cuda
sample_012,cow,mild,1,sam_score_selected_prompt,0.876730,0.934316,cuda
sample_012,cow,mild,1,sam_oracle_best_prompt,0.876730,0.934316,cuda
sample_012,cow,moderate,0,center_color,0.387447,0.558503,cpu
sample_012,cow,moderate,0,robust_superpixel,0.485056,0.653250,cpu
sample_012,cow,moderate,0,repaired_superpixel,0.388195,0.559280,cpu
sample_012,cow,moderate,0,sam_noisy_prompt,0.746925,0.855131,cuda
sample_012,cow,moderate,0,sam_repaired_prompt,0.547480,0.707576,cuda
sample_012,cow,moderate,0,sam_score_selected_prompt,0.547480,0.707576,cuda
sample_012,cow,moderate,0,sam_oracle_best_prompt,0.746925,0.855131,cuda
sample_012,cow,moderate,1,center_color,0.332600,0.499175,cpu
sample_012,cow,moderate,1,robust_superpixel,0.343030,0.510830,cpu
sample_012,cow,moderate,1,repaired_superpixel,0.342908,0.510695,cpu
sample_012,cow,moderate,1,sam_noisy_prompt,0.600350,0.750273,cuda
sample_012,cow,moderate,1,sam_repaired_prompt,0.402355,0.573827,cuda
sample_012,cow,moderate,1,sam_score_selected_prompt,0.402355,0.573827,cuda
sample_012,cow,moderate,1,sam_oracle_best_prompt,0.600350,0.750273,cuda
sample_013,boat,clean,0,center_color,0.690582,0.816976,cpu
sample_013,boat,clean,0,robust_superpixel,0.731019,0.844611,cpu
sample_013,boat,clean,0,repaired_superpixel,0.870952,0.931025,cpu
sample_013,boat,clean,0,sam_noisy_prompt,0.869950,0.930453,cuda
sample_013,boat,clean,0,sam_repaired_prompt,0.861101,0.925367,cuda
sample_013,boat,clean,0,sam_score_selected_prompt,0.861101,0.925367,cuda
sample_013,boat,clean,0,sam_oracle_best_prompt,0.869950,0.930453,cuda
sample_013,boat,mild,0,center_color,0.717572,0.835565,cpu
sample_013,boat,mild,0,robust_superpixel,0.715818,0.834375,cpu
sample_013,boat,mild,0,repaired_superpixel,0.769544,0.869765,cpu
sample_013,boat,mild,0,sam_noisy_prompt,0.813070,0.896899,cuda
sample_013,boat,mild,0,sam_repaired_prompt,0.811109,0.895704,cuda
sample_013,boat,mild,0,sam_score_selected_prompt,0.811109,0.895704,cuda
sample_013,boat,mild,0,sam_oracle_best_prompt,0.813070,0.896899,cuda
sample_013,boat,mild,1,center_color,0.441943,0.612983,cpu
sample_013,boat,mild,1,robust_superpixel,0.505219,0.671289,cpu
sample_013,boat,mild,1,repaired_superpixel,0.599802,0.749845,cpu
sample_013,boat,mild,1,sam_noisy_prompt,0.710299,0.830614,cuda
sample_013,boat,mild,1,sam_repaired_prompt,0.694580,0.819767,cuda
sample_013,boat,mild,1,sam_score_selected_prompt,0.694580,0.819767,cuda
sample_013,boat,mild,1,sam_oracle_best_prompt,0.710299,0.830614,cuda
sample_013,boat,moderate,0,center_color,0.722157,0.838666,cpu
sample_013,boat,moderate,0,robust_superpixel,0.723763,0.839748,cpu
sample_013,boat,moderate,0,repaired_superpixel,0.713064,0.832501,cpu
sample_013,boat,moderate,0,sam_noisy_prompt,0.734945,0.847226,cuda
sample_013,boat,moderate,0,sam_repaired_prompt,0.764262,0.866382,cuda
sample_013,boat,moderate,0,sam_score_selected_prompt,0.734945,0.847226,cuda
sample_013,boat,moderate,0,sam_oracle_best_prompt,0.764262,0.866382,cuda
sample_013,boat,moderate,1,center_color,0.776629,0.874272,cpu
sample_013,boat,moderate,1,robust_superpixel,0.776629,0.874272,cpu
sample_013,boat,moderate,1,repaired_superpixel,0.822042,0.902331,cpu
sample_013,boat,moderate,1,sam_noisy_prompt,0.882013,0.937308,cuda
sample_013,boat,moderate,1,sam_repaired_prompt,0.859514,0.924450,cuda
sample_013,boat,moderate,1,sam_score_selected_prompt,0.882013,0.937308,cuda
sample_013,boat,moderate,1,sam_oracle_best_prompt,0.882013,0.937308,cuda
sample_014,tvmonitor,clean,0,center_color,0.753598,0.859488,cpu
sample_014,tvmonitor,clean,0,robust_superpixel,0.755297,0.860592,cpu
sample_014,tvmonitor,clean,0,repaired_superpixel,0.755822,0.860932,cpu
sample_014,tvmonitor,clean,0,sam_noisy_prompt,0.968858,0.984183,cuda
sample_014,tvmonitor,clean,0,sam_repaired_prompt,0.958549,0.978836,cuda
sample_014,tvmonitor,clean,0,sam_score_selected_prompt,0.968858,0.984183,cuda
sample_014,tvmonitor,clean,0,sam_oracle_best_prompt,0.968858,0.984183,cuda
sample_014,tvmonitor,mild,0,center_color,0.629814,0.772866,cpu
sample_014,tvmonitor,mild,0,robust_superpixel,0.643097,0.782786,cpu
sample_014,tvmonitor,mild,0,repaired_superpixel,0.601404,0.751096,cpu
sample_014,tvmonitor,mild,0,sam_noisy_prompt,0.878156,0.935126,cuda
sample_014,tvmonitor,mild,0,sam_repaired_prompt,0.665673,0.799284,cuda
sample_014,tvmonitor,mild,0,sam_score_selected_prompt,0.665673,0.799284,cuda
sample_014,tvmonitor,mild,0,sam_oracle_best_prompt,0.878156,0.935126,cuda
sample_014,tvmonitor,mild,1,center_color,0.644562,0.783871,cpu
sample_014,tvmonitor,mild,1,robust_superpixel,0.659688,0.794955,cpu
sample_014,tvmonitor,mild,1,repaired_superpixel,0.590318,0.742390,cpu
sample_014,tvmonitor,mild,1,sam_noisy_prompt,0.891354,0.942556,cuda
sample_014,tvmonitor,mild,1,sam_repaired_prompt,0.700220,0.823681,cuda
sample_014,tvmonitor,mild,1,sam_score_selected_prompt,0.700220,0.823681,cuda
sample_014,tvmonitor,mild,1,sam_oracle_best_prompt,0.891354,0.942556,cuda
sample_014,tvmonitor,moderate,0,center_color,0.588575,0.741010,cpu
sample_014,tvmonitor,moderate,0,robust_superpixel,0.606227,0.754846,cpu
sample_014,tvmonitor,moderate,0,repaired_superpixel,0.531099,0.693749,cpu
sample_014,tvmonitor,moderate,0,sam_noisy_prompt,0.723097,0.839300,cuda
sample_014,tvmonitor,moderate,0,sam_repaired_prompt,0.600646,0.750505,cuda
sample_014,tvmonitor,moderate,0,sam_score_selected_prompt,0.600646,0.750505,cuda
sample_014,tvmonitor,moderate,0,sam_oracle_best_prompt,0.723097,0.839300,cuda
sample_014,tvmonitor,moderate,1,center_color,0.464355,0.634211,cpu
sample_014,tvmonitor,moderate,1,robust_superpixel,0.479330,0.648037,cpu
sample_014,tvmonitor,moderate,1,repaired_superpixel,0.398066,0.569452,cpu
sample_014,tvmonitor,moderate,1,sam_noisy_prompt,0.562085,0.719660,cuda
sample_014,tvmonitor,moderate,1,sam_repaired_prompt,0.466552,0.636257,cuda
sample_014,tvmonitor,moderate,1,sam_score_selected_prompt,0.466552,0.636257,cuda
sample_014,tvmonitor,moderate,1,sam_oracle_best_prompt,0.562085,0.719660,cuda
sample_015,bicycle,clean,0,center_color,0.188934,0.317821,cpu
sample_015,bicycle,clean,0,robust_superpixel,0.186586,0.314493,cpu
sample_015,bicycle,clean,0,repaired_superpixel,0.072223,0.134717,cpu
sample_015,bicycle,clean,0,sam_noisy_prompt,0.353896,0.522782,cuda
sample_015,bicycle,clean,0,sam_repaired_prompt,0.311624,0.475172,cuda
sample_015,bicycle,clean,0,sam_score_selected_prompt,0.311624,0.475172,cuda
sample_015,bicycle,clean,0,sam_oracle_best_prompt,0.353896,0.522782,cuda
sample_015,bicycle,mild,0,center_color,0.502798,0.669149,cpu
sample_015,bicycle,mild,0,robust_superpixel,0.502798,0.669149,cpu
sample_015,bicycle,mild,0,repaired_superpixel,0.506547,0.672461,cpu
sample_015,bicycle,mild,0,sam_noisy_prompt,0.391615,0.562821,cuda
sample_015,bicycle,mild,0,sam_repaired_prompt,0.587314,0.740010,cuda
sample_015,bicycle,mild,0,sam_score_selected_prompt,0.587314,0.740010,cuda
sample_015,bicycle,mild,0,sam_oracle_best_prompt,0.587314,0.740010,cuda
sample_015,bicycle,mild,1,center_color,0.179154,0.303868,cpu
sample_015,bicycle,mild,1,robust_superpixel,0.179154,0.303868,cpu
sample_015,bicycle,mild,1,repaired_superpixel,0.068268,0.127810,cpu
sample_015,bicycle,mild,1,sam_noisy_prompt,0.336940,0.504046,cuda
sample_015,bicycle,mild,1,sam_repaired_prompt,0.413284,0.584856,cuda
sample_015,bicycle,mild,1,sam_score_selected_prompt,0.336940,0.504046,cuda
sample_015,bicycle,mild,1,sam_oracle_best_prompt,0.413284,0.584856,cuda
sample_015,bicycle,moderate,0,center_color,0.133955,0.236261,cpu
sample_015,bicycle,moderate,0,robust_superpixel,0.132791,0.234449,cpu
sample_015,bicycle,moderate,0,repaired_superpixel,0.055437,0.105051,cpu
sample_015,bicycle,moderate,0,sam_noisy_prompt,0.429319,0.600733,cuda
sample_015,bicycle,moderate,0,sam_repaired_prompt,0.106543,0.192570,cuda
sample_015,bicycle,moderate,0,sam_score_selected_prompt,0.429319,0.600733,cuda
sample_015,bicycle,moderate,0,sam_oracle_best_prompt,0.429319,0.600733,cuda
sample_015,bicycle,moderate,1,center_color,0.068278,0.127828,cpu
sample_015,bicycle,moderate,1,robust_superpixel,0.067265,0.126050,cpu
sample_015,bicycle,moderate,1,repaired_superpixel,0.065327,0.122642,cpu
sample_015,bicycle,moderate,1,sam_noisy_prompt,0.325488,0.491121,cuda
sample_015,bicycle,moderate,1,sam_repaired_prompt,0.085721,0.157907,cuda
sample_015,bicycle,moderate,1,sam_score_selected_prompt,0.085721,0.157907,cuda
sample_015,bicycle,moderate,1,sam_oracle_best_prompt,0.325488,0.491121,cuda
sample_016,train,clean,0,center_color,0.840613,0.913406,cpu
sample_016,train,clean,0,robust_superpixel,0.840613,0.913406,cpu
sample_016,train,clean,0,repaired_superpixel,0.775153,0.873336,cpu
sample_016,train,clean,0,sam_noisy_prompt,0.923382,0.960165,cuda
sample_016,train,clean,0,sam_repaired_prompt,0.923179,0.960055,cuda
sample_016,train,clean,0,sam_score_selected_prompt,0.923382,0.960165,cuda
sample_016,train,clean,0,sam_oracle_best_prompt,0.923382,0.960165,cuda
sample_016,train,mild,0,center_color,0.317079,0.481488,cpu
sample_016,train,mild,0,robust_superpixel,0.716599,0.834905,cpu
sample_016,train,mild,0,repaired_superpixel,0.762168,0.865034,cpu
sample_016,train,mild,0,sam_noisy_prompt,0.923045,0.959983,cuda
sample_016,train,mild,0,sam_repaired_prompt,0.925043,0.961062,cuda
sample_016,train,mild,0,sam_score_selected_prompt,0.923045,0.959983,cuda
sample_016,train,mild,0,sam_oracle_best_prompt,0.925043,0.961062,cuda
sample_016,train,mild,1,center_color,0.806820,0.893083,cpu
sample_016,train,mild,1,robust_superpixel,0.806820,0.893083,cpu
sample_016,train,mild,1,repaired_superpixel,0.771908,0.871273,cpu
sample_016,train,mild,1,sam_noisy_prompt,0.923842,0.960413,cuda
sample_016,train,mild,1,sam_repaired_prompt,0.929733,0.963587,cuda
sample_016,train,mild,1,sam_score_selected_prompt,0.923842,0.960413,cuda
sample_016,train,mild,1,sam_oracle_best_prompt,0.929733,0.963587,cuda
sample_016,train,moderate,0,center_color,0.063756,0.119869,cpu
sample_016,train,moderate,0,robust_superpixel,0.064948,0.121975,cpu
sample_016,train,moderate,0,repaired_superpixel,0.081511,0.150735,cpu
sample_016,train,moderate,0,sam_noisy_prompt,0.012660,0.025004,cuda
sample_016,train,moderate,0,sam_repaired_prompt,0.101630,0.184508,cuda
sample_016,train,moderate,0,sam_score_selected_prompt,0.101630,0.184508,cuda
sample_016,train,moderate,0,sam_oracle_best_prompt,0.101630,0.184508,cuda
sample_016,train,moderate,1,center_color,0.232821,0.377705,cpu
sample_016,train,moderate,1,robust_superpixel,0.531314,0.693932,cpu
sample_016,train,moderate,1,repaired_superpixel,0.415126,0.586698,cpu
sample_016,train,moderate,1,sam_noisy_prompt,0.916357,0.956353,cuda
sample_016,train,moderate,1,sam_repaired_prompt,0.918834,0.957700,cuda
sample_016,train,moderate,1,sam_score_selected_prompt,0.916357,0.956353,cuda
sample_016,train,moderate,1,sam_oracle_best_prompt,0.918834,0.957700,cuda
sample_017,train,clean,0,center_color,0.139867,0.245410,cpu
sample_017,train,clean,0,robust_superpixel,0.140940,0.247059,cpu
sample_017,train,clean,0,repaired_superpixel,0.139455,0.244775,cpu
sample_017,train,clean,0,sam_noisy_prompt,0.939863,0.968999,cuda
sample_017,train,clean,0,sam_repaired_prompt,0.134147,0.236561,cuda
sample_017,train,clean,0,sam_score_selected_prompt,0.939863,0.968999,cuda
sample_017,train,clean,0,sam_oracle_best_prompt,0.939863,0.968999,cuda
sample_017,train,mild,0,center_color,0.136540,0.240273,cpu
sample_017,train,mild,0,robust_superpixel,0.137282,0.241422,cpu
sample_017,train,mild,0,repaired_superpixel,0.115915,0.207748,cpu
sample_017,train,mild,0,sam_noisy_prompt,0.944402,0.971406,cuda
sample_017,train,mild,0,sam_repaired_prompt,0.133240,0.235149,cuda
sample_017,train,mild,0,sam_score_selected_prompt,0.944402,0.971406,cuda
sample_017,train,mild,0,sam_oracle_best_prompt,0.944402,0.971406,cuda
sample_017,train,mild,1,center_color,0.650628,0.788340,cpu
sample_017,train,mild,1,robust_superpixel,0.741821,0.851776,cpu
sample_017,train,mild,1,repaired_superpixel,0.639043,0.779776,cpu
sample_017,train,mild,1,sam_noisy_prompt,0.951893,0.975354,cuda
sample_017,train,mild,1,sam_repaired_prompt,0.946562,0.972547,cuda
sample_017,train,mild,1,sam_score_selected_prompt,0.951893,0.975354,cuda
sample_017,train,mild,1,sam_oracle_best_prompt,0.951893,0.975354,cuda
sample_017,train,moderate,0,center_color,0.140005,0.245622,cpu
sample_017,train,moderate,0,robust_superpixel,0.508652,0.674313,cpu
sample_017,train,moderate,0,repaired_superpixel,0.643323,0.782954,cpu
sample_017,train,moderate,0,sam_noisy_prompt,0.949300,0.973991,cuda
sample_017,train,moderate,0,sam_repaired_prompt,0.947998,0.973305,cuda
sample_017,train,moderate,0,sam_score_selected_prompt,0.949300,0.973991,cuda
sample_017,train,moderate,0,sam_oracle_best_prompt,0.949300,0.973991,cuda
sample_017,train,moderate,1,center_color,0.430846,0.602225,cpu
sample_017,train,moderate,1,robust_superpixel,0.608403,0.756531,cpu
sample_017,train,moderate,1,repaired_superpixel,0.387683,0.558749,cpu
sample_017,train,moderate,1,sam_noisy_prompt,0.811933,0.896206,cuda
sample_017,train,moderate,1,sam_repaired_prompt,0.812902,0.896797,cuda
sample_017,train,moderate,1,sam_score_selected_prompt,0.812902,0.896797,cuda
sample_017,train,moderate,1,sam_oracle_best_prompt,0.812902,0.896797,cuda
sample_018,sofa,clean,0,center_color,0.664267,0.798270,cpu
sample_018,sofa,clean,0,robust_superpixel,0.672497,0.804183,cpu
sample_018,sofa,clean,0,repaired_superpixel,0.671361,0.803371,cpu
sample_018,sofa,clean,0,sam_noisy_prompt,0.894497,0.944311,cuda
sample_018,sofa,clean,0,sam_repaired_prompt,0.885480,0.939262,cuda
sample_018,sofa,clean,0,sam_score_selected_prompt,0.885480,0.939262,cuda
sample_018,sofa,clean,0,sam_oracle_best_prompt,0.894497,0.944311,cuda
sample_018,sofa,mild,0,center_color,0.628432,0.771825,cpu
sample_018,sofa,mild,0,robust_superpixel,0.590459,0.742501,cpu
sample_018,sofa,mild,0,repaired_superpixel,0.440119,0.611226,cpu
sample_018,sofa,mild,0,sam_noisy_prompt,0.841007,0.913638,cuda
sample_018,sofa,mild,0,sam_repaired_prompt,0.866523,0.928489,cuda
sample_018,sofa,mild,0,sam_score_selected_prompt,0.841007,0.913638,cuda
sample_018,sofa,mild,0,sam_oracle_best_prompt,0.866523,0.928489,cuda
sample_018,sofa,mild,1,center_color,0.452942,0.623483,cpu
sample_018,sofa,mild,1,robust_superpixel,0.607223,0.755618,cpu
sample_018,sofa,mild,1,repaired_superpixel,0.558459,0.716681,cpu
sample_018,sofa,mild,1,sam_noisy_prompt,0.871508,0.931343,cuda
sample_018,sofa,mild,1,sam_repaired_prompt,0.880889,0.936673,cuda
sample_018,sofa,mild,1,sam_score_selected_prompt,0.871508,0.931343,cuda
sample_018,sofa,mild,1,sam_oracle_best_prompt,0.880889,0.936673,cuda
sample_018,sofa,moderate,0,center_color,0.629852,0.772895,cpu
sample_018,sofa,moderate,0,robust_superpixel,0.631537,0.774162,cpu
sample_018,sofa,moderate,0,repaired_superpixel,0.639699,0.780264,cpu
sample_018,sofa,moderate,0,sam_noisy_prompt,0.893887,0.943971,cuda
sample_018,sofa,moderate,0,sam_repaired_prompt,0.901272,0.948073,cuda
sample_018,sofa,moderate,0,sam_score_selected_prompt,0.901272,0.948073,cuda
sample_018,sofa,moderate,0,sam_oracle_best_prompt,0.901272,0.948073,cuda
sample_018,sofa,moderate,1,center_color,0.372321,0.542615,cpu
sample_018,sofa,moderate,1,robust_superpixel,0.419496,0.591049,cpu
sample_018,sofa,moderate,1,repaired_superpixel,0.468601,0.638159,cpu
sample_018,sofa,moderate,1,sam_noisy_prompt,0.609449,0.757339,cuda
sample_018,sofa,moderate,1,sam_repaired_prompt,0.717469,0.835495,cuda
sample_018,sofa,moderate,1,sam_score_selected_prompt,0.609449,0.757339,cuda
sample_018,sofa,moderate,1,sam_oracle_best_prompt,0.717469,0.835495,cuda
sample_019,bus,clean,0,center_color,0.766760,0.867984,cpu
sample_019,bus,clean,0,robust_superpixel,0.801742,0.889963,cpu
sample_019,bus,clean,0,repaired_superpixel,0.792523,0.884254,cpu
sample_019,bus,clean,0,sam_noisy_prompt,0.963496,0.981409,cuda
sample_019,bus,clean,0,sam_repaired_prompt,0.961103,0.980166,cuda
sample_019,bus,clean,0,sam_score_selected_prompt,0.961103,0.980166,cuda
sample_019,bus,clean,0,sam_oracle_best_prompt,0.963496,0.981409,cuda
sample_019,bus,mild,0,center_color,0.745825,0.854410,cpu
sample_019,bus,mild,0,robust_superpixel,0.785255,0.879712,cpu
sample_019,bus,mild,0,repaired_superpixel,0.762358,0.865157,cpu
sample_019,bus,mild,0,sam_noisy_prompt,0.959312,0.979233,cuda
sample_019,bus,mild,0,sam_repaired_prompt,0.959196,0.979173,cuda
sample_019,bus,mild,0,sam_score_selected_prompt,0.959196,0.979173,cuda
sample_019,bus,mild,0,sam_oracle_best_prompt,0.959312,0.979233,cuda
sample_019,bus,mild,1,center_color,0.833400,0.909131,cpu
sample_019,bus,mild,1,robust_superpixel,0.858902,0.924096,cpu
sample_019,bus,mild,1,repaired_superpixel,0.736781,0.848445,cpu
sample_019,bus,mild,1,sam_noisy_prompt,0.954749,0.976851,cuda
sample_019,bus,mild,1,sam_repaired_prompt,0.933535,0.965625,cuda
sample_019,bus,mild,1,sam_score_selected_prompt,0.954749,0.976851,cuda
sample_019,bus,mild,1,sam_oracle_best_prompt,0.954749,0.976851,cuda
sample_019,bus,moderate,0,center_color,0.336286,0.503314,cpu
sample_019,bus,moderate,0,robust_superpixel,0.371353,0.541586,cpu
sample_019,bus,moderate,0,repaired_superpixel,0.351815,0.520508,cpu
sample_019,bus,moderate,0,sam_noisy_prompt,0.371355,0.541589,cuda
sample_019,bus,moderate,0,sam_repaired_prompt,0.399679,0.571100,cuda
sample_019,bus,moderate,0,sam_score_selected_prompt,0.399679,0.571100,cuda
sample_019,bus,moderate,0,sam_oracle_best_prompt,0.399679,0.571100,cuda
sample_019,bus,moderate,1,center_color,0.696464,0.821078,cpu
sample_019,bus,moderate,1,robust_superpixel,0.713197,0.832592,cpu
sample_019,bus,moderate,1,repaired_superpixel,0.715113,0.833896,cpu
sample_019,bus,moderate,1,sam_noisy_prompt,0.948727,0.973689,cuda
sample_019,bus,moderate,1,sam_repaired_prompt,0.800509,0.889203,cuda
sample_019,bus,moderate,1,sam_score_selected_prompt,0.948727,0.973689,cuda
sample_019,bus,moderate,1,sam_oracle_best_prompt,0.948727,0.973689,cuda
sample_020,sheep,clean,0,center_color,0.646470,0.785280,cpu
sample_020,sheep,clean,0,robust_superpixel,0.724036,0.839931,cpu
sample_020,sheep,clean,0,repaired_superpixel,0.736871,0.848504,cpu
sample_020,sheep,clean,0,sam_noisy_prompt,0.946367,0.972444,cuda
sample_020,sheep,clean,0,sam_repaired_prompt,0.947117,0.972840,cuda
sample_020,sheep,clean,0,sam_score_selected_prompt,0.947117,0.972840,cuda
sample_020,sheep,clean,0,sam_oracle_best_prompt,0.947117,0.972840,cuda
sample_020,sheep,mild,0,center_color,0.763069,0.865614,cpu
sample_020,sheep,mild,0,robust_superpixel,0.846209,0.916699,cpu
sample_020,sheep,mild,0,repaired_superpixel,0.777579,0.874874,cpu
sample_020,sheep,mild,0,sam_noisy_prompt,0.957918,0.978507,cuda
sample_020,sheep,mild,0,sam_repaired_prompt,0.957602,0.978342,cuda
sample_020,sheep,mild,0,sam_score_selected_prompt,0.957602,0.978342,cuda
sample_020,sheep,mild,0,sam_oracle_best_prompt,0.957918,0.978507,cuda
sample_020,sheep,mild,1,center_color,0.560953,0.718732,cpu
sample_020,sheep,mild,1,robust_superpixel,0.665159,0.798914,cpu
sample_020,sheep,mild,1,repaired_superpixel,0.744464,0.853516,cpu
sample_020,sheep,mild,1,sam_noisy_prompt,0.952729,0.975793,cuda
sample_020,sheep,mild,1,sam_repaired_prompt,0.959265,0.979209,cuda
sample_020,sheep,mild,1,sam_score_selected_prompt,0.959265,0.979209,cuda
sample_020,sheep,mild,1,sam_oracle_best_prompt,0.959265,0.979209,cuda
sample_020,sheep,moderate,0,center_color,0.560033,0.717976,cpu
sample_020,sheep,moderate,0,robust_superpixel,0.566133,0.722970,cpu
sample_020,sheep,moderate,0,repaired_superpixel,0.636510,0.777887,cpu
sample_020,sheep,moderate,0,sam_noisy_prompt,0.927619,0.962450,cuda
sample_020,sheep,moderate,0,sam_repaired_prompt,0.926986,0.962110,cuda
sample_020,sheep,moderate,0,sam_score_selected_prompt,0.927619,0.962450,cuda
sample_020,sheep,moderate,0,sam_oracle_best_prompt,0.927619,0.962450,cuda
sample_020,sheep,moderate,1,center_color,0.590124,0.742236,cpu
sample_020,sheep,moderate,1,robust_superpixel,0.701394,0.824493,cpu
sample_020,sheep,moderate,1,repaired_superpixel,0.655096,0.791611,cpu
sample_020,sheep,moderate,1,sam_noisy_prompt,0.893288,0.943637,cuda
sample_020,sheep,moderate,1,sam_repaired_prompt,0.889944,0.941767,cuda
sample_020,sheep,moderate,1,sam_score_selected_prompt,0.893288,0.943637,cuda
sample_020,sheep,moderate,1,sam_oracle_best_prompt,0.893288,0.943637,cuda
sample_021,bus,clean,0,center_color,0.643755,0.783274,cpu
sample_021,bus,clean,0,robust_superpixel,0.642317,0.782209,cpu
sample_021,bus,clean,0,repaired_superpixel,0.544033,0.704691,cpu
sample_021,bus,clean,0,sam_noisy_prompt,0.881652,0.937104,cuda
sample_021,bus,clean,0,sam_repaired_prompt,0.921499,0.959146,cuda
sample_021,bus,clean,0,sam_score_selected_prompt,0.921499,0.959146,cuda
sample_021,bus,clean,0,sam_oracle_best_prompt,0.921499,0.959146,cuda
sample_021,bus,mild,0,center_color,0.242676,0.390570,cpu
sample_021,bus,mild,0,robust_superpixel,0.479587,0.648271,cpu
sample_021,bus,mild,0,repaired_superpixel,0.295779,0.456527,cpu
sample_021,bus,mild,0,sam_noisy_prompt,0.922345,0.959604,cuda
sample_021,bus,mild,0,sam_repaired_prompt,0.770255,0.870219,cuda
sample_021,bus,mild,0,sam_score_selected_prompt,0.922345,0.959604,cuda
sample_021,bus,mild,0,sam_oracle_best_prompt,0.922345,0.959604,cuda
sample_021,bus,mild,1,center_color,0.664072,0.798129,cpu
sample_021,bus,mild,1,robust_superpixel,0.666116,0.799603,cpu
sample_021,bus,mild,1,repaired_superpixel,0.660103,0.795255,cpu
sample_021,bus,mild,1,sam_noisy_prompt,0.921508,0.959151,cuda
sample_021,bus,mild,1,sam_repaired_prompt,0.897432,0.945944,cuda
sample_021,bus,mild,1,sam_score_selected_prompt,0.897432,0.945944,cuda
sample_021,bus,mild,1,sam_oracle_best_prompt,0.921508,0.959151,cuda
sample_021,bus,moderate,0,center_color,0.651107,0.788692,cpu
sample_021,bus,moderate,0,robust_superpixel,0.647773,0.786240,cpu
sample_021,bus,moderate,0,repaired_superpixel,0.580435,0.734525,cpu
sample_021,bus,moderate,0,sam_noisy_prompt,0.756777,0.861552,cuda
sample_021,bus,moderate,0,sam_repaired_prompt,0.755707,0.860858,cuda
sample_021,bus,moderate,0,sam_score_selected_prompt,0.756777,0.861552,cuda
sample_021,bus,moderate,0,sam_oracle_best_prompt,0.756777,0.861552,cuda
sample_021,bus,moderate,1,center_color,0.546046,0.706377,cpu
sample_021,bus,moderate,1,robust_superpixel,0.545398,0.705835,cpu
sample_021,bus,moderate,1,repaired_superpixel,0.561279,0.718999,cpu
sample_021,bus,moderate,1,sam_noisy_prompt,0.753312,0.859302,cuda
sample_021,bus,moderate,1,sam_repaired_prompt,0.742657,0.852327,cuda
sample_021,bus,moderate,1,sam_score_selected_prompt,0.753312,0.859302,cuda
sample_021,bus,moderate,1,sam_oracle_best_prompt,0.753312,0.859302,cuda
sample_022,diningtable,clean,0,center_color,0.728587,0.842986,cpu
sample_022,diningtable,clean,0,robust_superpixel,0.750588,0.857527,cpu
sample_022,diningtable,clean,0,repaired_superpixel,0.751041,0.857822,cpu
sample_022,diningtable,clean,0,sam_noisy_prompt,0.527721,0.690861,cuda
sample_022,diningtable,clean,0,sam_repaired_prompt,0.548179,0.708160,cuda
sample_022,diningtable,clean,0,sam_score_selected_prompt,0.527721,0.690861,cuda
sample_022,diningtable,clean,0,sam_oracle_best_prompt,0.548179,0.708160,cuda
sample_022,diningtable,mild,0,center_color,0.663595,0.797784,cpu
sample_022,diningtable,mild,0,robust_superpixel,0.710103,0.830480,cpu
sample_022,diningtable,mild,0,repaired_superpixel,0.651961,0.789318,cpu
sample_022,diningtable,mild,0,sam_noisy_prompt,0.527493,0.690665,cuda
sample_022,diningtable,mild,0,sam_repaired_prompt,0.202375,0.336626,cuda
sample_022,diningtable,mild,0,sam_score_selected_prompt,0.527493,0.690665,cuda
sample_022,diningtable,mild,0,sam_oracle_best_prompt,0.527493,0.690665,cuda
sample_022,diningtable,mild,1,center_color,0.675301,0.806185,cpu
sample_022,diningtable,mild,1,robust_superpixel,0.712240,0.831939,cpu
sample_022,diningtable,mild,1,repaired_superpixel,0.494615,0.661863,cpu
sample_022,diningtable,mild,1,sam_noisy_prompt,0.535915,0.697845,cuda
sample_022,diningtable,mild,1,sam_repaired_prompt,0.140040,0.245676,cuda
sample_022,diningtable,mild,1,sam_score_selected_prompt,0.535915,0.697845,cuda
sample_022,diningtable,mild,1,sam_oracle_best_prompt,0.535915,0.697845,cuda
sample_022,diningtable,moderate,0,center_color,0.537200,0.698933,cpu
sample_022,diningtable,moderate,0,robust_superpixel,0.550982,0.710494,cpu
sample_022,diningtable,moderate,0,repaired_superpixel,0.536640,0.698459,cpu
sample_022,diningtable,moderate,0,sam_noisy_prompt,0.305431,0.467938,cuda
sample_022,diningtable,moderate,0,sam_repaired_prompt,0.380103,0.550833,cuda
sample_022,diningtable,moderate,0,sam_score_selected_prompt,0.305431,0.467938,cuda
sample_022,diningtable,moderate,0,sam_oracle_best_prompt,0.380103,0.550833,cuda
sample_022,diningtable,moderate,1,center_color,0.578173,0.732712,cpu
sample_022,diningtable,moderate,1,robust_superpixel,0.651709,0.789133,cpu
sample_022,diningtable,moderate,1,repaired_superpixel,0.644882,0.784108,cpu
sample_022,diningtable,moderate,1,sam_noisy_prompt,0.417982,0.589545,cuda
sample_022,diningtable,moderate,1,sam_repaired_prompt,0.384367,0.555296,cuda
sample_022,diningtable,moderate,1,sam_score_selected_prompt,0.417982,0.589545,cuda
sample_022,diningtable,moderate,1,sam_oracle_best_prompt,0.417982,0.589545,cuda
sample_023,horse,clean,0,center_color,0.386485,0.557503,cpu
sample_023,horse,clean,0,robust_superpixel,0.517178,0.681763,cpu
sample_023,horse,clean,0,repaired_superpixel,0.510182,0.675656,cpu
sample_023,horse,clean,0,sam_noisy_prompt,0.811760,0.896101,cuda
sample_023,horse,clean,0,sam_repaired_prompt,0.818262,0.900049,cuda
sample_023,horse,clean,0,sam_score_selected_prompt,0.811760,0.896101,cuda
sample_023,horse,clean,0,sam_oracle_best_prompt,0.818262,0.900049,cuda
sample_023,horse,mild,0,center_color,0.429475,0.600885,cpu
sample_023,horse,mild,0,robust_superpixel,0.453305,0.623826,cpu
sample_023,horse,mild,0,repaired_superpixel,0.493454,0.660823,cpu
sample_023,horse,mild,0,sam_noisy_prompt,0.784264,0.879090,cuda
sample_023,horse,mild,0,sam_repaired_prompt,0.802273,0.890290,cuda
sample_023,horse,mild,0,sam_score_selected_prompt,0.802273,0.890290,cuda
sample_023,horse,mild,0,sam_oracle_best_prompt,0.802273,0.890290,cuda
sample_023,horse,mild,1,center_color,0.442471,0.613490,cpu
sample_023,horse,mild,1,robust_superpixel,0.448796,0.619543,cpu
sample_023,horse,mild,1,repaired_superpixel,0.459357,0.629534,cpu
sample_023,horse,mild,1,sam_noisy_prompt,0.674372,0.805522,cuda
sample_023,horse,mild,1,sam_repaired_prompt,0.576654,0.731491,cuda
sample_023,horse,mild,1,sam_score_selected_prompt,0.674372,0.805522,cuda
sample_023,horse,mild,1,sam_oracle_best_prompt,0.674372,0.805522,cuda
sample_023,horse,moderate,0,center_color,0.375884,0.546389,cpu
sample_023,horse,moderate,0,robust_superpixel,0.566827,0.723535,cpu
sample_023,horse,moderate,0,repaired_superpixel,0.574289,0.729585,cpu
sample_023,horse,moderate,0,sam_noisy_prompt,0.727403,0.842193,cuda
sample_023,horse,moderate,0,sam_repaired_prompt,0.772729,0.871796,cuda
sample_023,horse,moderate,0,sam_score_selected_prompt,0.772729,0.871796,cuda
sample_023,horse,moderate,0,sam_oracle_best_prompt,0.772729,0.871796,cuda
sample_023,horse,moderate,1,center_color,0.206765,0.342676,cpu
sample_023,horse,moderate,1,robust_superpixel,0.462111,0.632114,cpu
sample_023,horse,moderate,1,repaired_superpixel,0.370645,0.540833,cpu
sample_023,horse,moderate,1,sam_noisy_prompt,0.460497,0.630604,cuda
sample_023,horse,moderate,1,sam_repaired_prompt,0.406261,0.577789,cuda
sample_023,horse,moderate,1,sam_score_selected_prompt,0.460497,0.630604,cuda
sample_023,horse,moderate,1,sam_oracle_best_prompt,0.460497,0.630604,cuda
sample_024,horse,clean,0,center_color,0.221775,0.363037,cpu
sample_024,horse,clean,0,robust_superpixel,0.609444,0.757335,cpu
sample_024,horse,clean,0,repaired_superpixel,0.417347,0.588913,cpu
sample_024,horse,clean,0,sam_noisy_prompt,0.880965,0.936716,cuda
sample_024,horse,clean,0,sam_repaired_prompt,0.886010,0.939560,cuda
sample_024,horse,clean,0,sam_score_selected_prompt,0.880965,0.936716,cuda
sample_024,horse,clean,0,sam_oracle_best_prompt,0.886010,0.939560,cuda
sample_024,horse,mild,0,center_color,0.061293,0.115505,cpu
sample_024,horse,mild,0,robust_superpixel,0.511007,0.676380,cpu
sample_024,horse,mild,0,repaired_superpixel,0.506485,0.672407,cpu
sample_024,horse,mild,0,sam_noisy_prompt,0.859001,0.924154,cuda
sample_024,horse,mild,0,sam_repaired_prompt,0.500497,0.667109,cuda
sample_024,horse,mild,0,sam_score_selected_prompt,0.859001,0.924154,cuda
sample_024,horse,mild,0,sam_oracle_best_prompt,0.859001,0.924154,cuda
sample_024,horse,mild,1,center_color,0.275145,0.431551,cpu
sample_024,horse,mild,1,robust_superpixel,0.438869,0.610020,cpu
sample_024,horse,mild,1,repaired_superpixel,0.425480,0.596963,cpu
sample_024,horse,mild,1,sam_noisy_prompt,0.850514,0.919219,cuda
sample_024,horse,mild,1,sam_repaired_prompt,0.686093,0.813826,cuda
sample_024,horse,mild,1,sam_score_selected_prompt,0.850514,0.919219,cuda
sample_024,horse,mild,1,sam_oracle_best_prompt,0.850514,0.919219,cuda
sample_024,horse,moderate,0,center_color,0.099723,0.181360,cpu
sample_024,horse,moderate,0,robust_superpixel,0.340274,0.507768,cpu
sample_024,horse,moderate,0,repaired_superpixel,0.457668,0.627945,cpu
sample_024,horse,moderate,0,sam_noisy_prompt,0.503247,0.669547,cuda
sample_024,horse,moderate,0,sam_repaired_prompt,0.498961,0.665742,cuda
sample_024,horse,moderate,0,sam_score_selected_prompt,0.498961,0.665742,cuda
sample_024,horse,moderate,0,sam_oracle_best_prompt,0.503247,0.669547,cuda
sample_024,horse,moderate,1,center_color,0.111563,0.200732,cpu
sample_024,horse,moderate,1,robust_superpixel,0.242922,0.390888,cpu
sample_024,horse,moderate,1,repaired_superpixel,0.206188,0.341883,cpu
sample_024,horse,moderate,1,sam_noisy_prompt,0.488351,0.656231,cuda
sample_024,horse,moderate,1,sam_repaired_prompt,0.479902,0.648559,cuda
sample_024,horse,moderate,1,sam_score_selected_prompt,0.488351,0.656231,cuda
sample_024,horse,moderate,1,sam_oracle_best_prompt,0.488351,0.656231,cuda
sample_025,sofa,clean,0,center_color,0.538492,0.700026,cpu
sample_025,sofa,clean,0,robust_superpixel,0.582629,0.736280,cpu
sample_025,sofa,clean,0,repaired_superpixel,0.572845,0.728419,cpu
sample_025,sofa,clean,0,sam_noisy_prompt,0.765448,0.867143,cuda
sample_025,sofa,clean,0,sam_repaired_prompt,0.790939,0.883267,cuda
sample_025,sofa,clean,0,sam_score_selected_prompt,0.790939,0.883267,cuda
sample_025,sofa,clean,0,sam_oracle_best_prompt,0.790939,0.883267,cuda
sample_025,sofa,mild,0,center_color,0.039551,0.076092,cpu
sample_025,sofa,mild,0,robust_superpixel,0.298660,0.459951,cpu
sample_025,sofa,mild,0,repaired_superpixel,0.420115,0.591663,cpu
sample_025,sofa,mild,0,sam_noisy_prompt,0.726999,0.841922,cuda
sample_025,sofa,mild,0,sam_repaired_prompt,0.505829,0.671828,cuda
sample_025,sofa,mild,0,sam_score_selected_prompt,0.505829,0.671828,cuda
sample_025,sofa,mild,0,sam_oracle_best_prompt,0.726999,0.841922,cuda
sample_025,sofa,mild,1,center_color,0.039678,0.076328,cpu
sample_025,sofa,mild,1,robust_superpixel,0.397527,0.568900,cpu
sample_025,sofa,mild,1,repaired_superpixel,0.283952,0.442309,cpu
sample_025,sofa,mild,1,sam_noisy_prompt,0.814547,0.897796,cuda
sample_025,sofa,mild,1,sam_repaired_prompt,0.573147,0.728663,cuda
sample_025,sofa,mild,1,sam_score_selected_prompt,0.814547,0.897796,cuda
sample_025,sofa,mild,1,sam_oracle_best_prompt,0.814547,0.897796,cuda
sample_025,sofa,moderate,0,center_color,0.408912,0.580465,cpu
sample_025,sofa,moderate,0,robust_superpixel,0.408912,0.580465,cpu
sample_025,sofa,moderate,0,repaired_superpixel,0.344510,0.512470,cpu
sample_025,sofa,moderate,0,sam_noisy_prompt,0.595347,0.746354,cuda
sample_025,sofa,moderate,0,sam_repaired_prompt,0.314972,0.479055,cuda
sample_025,sofa,moderate,0,sam_score_selected_prompt,0.595347,0.746354,cuda
sample_025,sofa,moderate,0,sam_oracle_best_prompt,0.595347,0.746354,cuda
sample_025,sofa,moderate,1,center_color,0.557374,0.715787,cpu
sample_025,sofa,moderate,1,robust_superpixel,0.558069,0.716360,cpu
sample_025,sofa,moderate,1,repaired_superpixel,0.482718,0.651125,cpu
sample_025,sofa,moderate,1,sam_noisy_prompt,0.772443,0.871614,cuda
sample_025,sofa,moderate,1,sam_repaired_prompt,0.521230,0.685275,cuda
sample_025,sofa,moderate,1,sam_score_selected_prompt,0.521230,0.685275,cuda
sample_025,sofa,moderate,1,sam_oracle_best_prompt,0.772443,0.871614,cuda
sample_026,diningtable,clean,0,center_color,0.164876,0.283079,cpu
sample_026,diningtable,clean,0,robust_superpixel,0.192583,0.322968,cpu
sample_026,diningtable,clean,0,repaired_superpixel,0.001482,0.002959,cpu
sample_026,diningtable,clean,0,sam_noisy_prompt,0.514576,0.679498,cuda
sample_026,diningtable,clean,0,sam_repaired_prompt,0.401252,0.572705,cuda
sample_026,diningtable,clean,0,sam_score_selected_prompt,0.514576,0.679498,cuda
sample_026,diningtable,clean,0,sam_oracle_best_prompt,0.514576,0.679498,cuda
sample_026,diningtable,mild,0,center_color,0.186104,0.313807,cpu
sample_026,diningtable,mild,0,robust_superpixel,0.196529,0.328498,cpu
sample_026,diningtable,mild,0,repaired_superpixel,0.000000,0.000000,cpu
sample_026,diningtable,mild,0,sam_noisy_prompt,0.487589,0.655543,cuda
sample_026,diningtable,mild,0,sam_repaired_prompt,0.386192,0.557199,cuda
sample_026,diningtable,mild,0,sam_score_selected_prompt,0.386192,0.557199,cuda
sample_026,diningtable,mild,0,sam_oracle_best_prompt,0.487589,0.655543,cuda
sample_026,diningtable,mild,1,center_color,0.311251,0.474739,cpu
sample_026,diningtable,mild,1,robust_superpixel,0.290636,0.450376,cpu
sample_026,diningtable,mild,1,repaired_superpixel,0.175933,0.299223,cpu
sample_026,diningtable,mild,1,sam_noisy_prompt,0.439395,0.610527,cuda
sample_026,diningtable,mild,1,sam_repaired_prompt,0.217680,0.357532,cuda
sample_026,diningtable,mild,1,sam_score_selected_prompt,0.439395,0.610527,cuda
sample_026,diningtable,mild,1,sam_oracle_best_prompt,0.439395,0.610527,cuda
sample_026,diningtable,moderate,0,center_color,0.096129,0.175397,cpu
sample_026,diningtable,moderate,0,robust_superpixel,0.096606,0.176191,cpu
sample_026,diningtable,moderate,0,repaired_superpixel,0.104057,0.188499,cpu
sample_026,diningtable,moderate,0,sam_noisy_prompt,0.227256,0.370348,cuda
sample_026,diningtable,moderate,0,sam_repaired_prompt,0.000000,0.000000,cuda
sample_026,diningtable,moderate,0,sam_score_selected_prompt,0.000000,0.000000,cuda
sample_026,diningtable,moderate,0,sam_oracle_best_prompt,0.227256,0.370348,cuda
sample_026,diningtable,moderate,1,center_color,0.179863,0.304888,cpu
sample_026,diningtable,moderate,1,robust_superpixel,0.158962,0.274318,cpu
sample_026,diningtable,moderate,1,repaired_superpixel,0.161746,0.278453,cpu
sample_026,diningtable,moderate,1,sam_noisy_prompt,0.429697,0.601102,cuda
sample_026,diningtable,moderate,1,sam_repaired_prompt,0.000000,0.000000,cuda
sample_026,diningtable,moderate,1,sam_score_selected_prompt,0.429697,0.601102,cuda
sample_026,diningtable,moderate,1,sam_oracle_best_prompt,0.429697,0.601102,cuda
sample_027,boat,clean,0,center_color,0.806858,0.893106,cpu
sample_027,boat,clean,0,robust_superpixel,0.851095,0.919558,cpu
sample_027,boat,clean,0,repaired_superpixel,0.675470,0.806305,cpu
sample_027,boat,clean,0,sam_noisy_prompt,0.893100,0.943532,cuda
sample_027,boat,clean,0,sam_repaired_prompt,0.856636,0.922783,cuda
sample_027,boat,clean,0,sam_score_selected_prompt,0.856636,0.922783,cuda
sample_027,boat,clean,0,sam_oracle_best_prompt,0.893100,0.943532,cuda
sample_027,boat,mild,0,center_color,0.718995,0.836530,cpu
sample_027,boat,mild,0,robust_superpixel,0.770550,0.870407,cpu
sample_027,boat,mild,0,repaired_superpixel,0.585353,0.738451,cpu
sample_027,boat,mild,0,sam_noisy_prompt,0.902355,0.948672,cuda
sample_027,boat,mild,0,sam_repaired_prompt,0.856636,0.922783,cuda
sample_027,boat,mild,0,sam_score_selected_prompt,0.856636,0.922783,cuda
sample_027,boat,mild,0,sam_oracle_best_prompt,0.902355,0.948672,cuda
sample_027,boat,mild,1,center_color,0.041623,0.079919,cpu
sample_027,boat,mild,1,robust_superpixel,0.036552,0.070525,cpu
sample_027,boat,mild,1,repaired_superpixel,0.011604,0.022941,cpu
sample_027,boat,mild,1,sam_noisy_prompt,0.071111,0.132780,cuda
sample_027,boat,mild,1,sam_repaired_prompt,0.000000,0.000000,cuda
sample_027,boat,mild,1,sam_score_selected_prompt,0.000000,0.000000,cuda
sample_027,boat,mild,1,sam_oracle_best_prompt,0.071111,0.132780,cuda
sample_027,boat,moderate,0,center_color,0.036874,0.071125,cpu
sample_027,boat,moderate,0,robust_superpixel,0.036874,0.071125,cpu
sample_027,boat,moderate,0,repaired_superpixel,0.036793,0.070975,cpu
sample_027,boat,moderate,0,sam_noisy_prompt,0.885167,0.939086,cuda
sample_027,boat,moderate,0,sam_repaired_prompt,0.000000,0.000000,cuda
sample_027,boat,moderate,0,sam_score_selected_prompt,0.000000,0.000000,cuda
sample_027,boat,moderate,0,sam_oracle_best_prompt,0.885167,0.939086,cuda
sample_027,boat,moderate,1,center_color,0.420389,0.591935,cpu
sample_027,boat,moderate,1,robust_superpixel,0.420389,0.591935,cpu
sample_027,boat,moderate,1,repaired_superpixel,0.277866,0.434890,cpu
sample_027,boat,moderate,1,sam_noisy_prompt,0.889639,0.941597,cuda
sample_027,boat,moderate,1,sam_repaired_prompt,0.786453,0.880463,cuda
sample_027,boat,moderate,1,sam_score_selected_prompt,0.889639,0.941597,cuda
sample_027,boat,moderate,1,sam_oracle_best_prompt,0.889639,0.941597,cuda
sample_028,diningtable,clean,0,center_color,0.848931,0.918294,cpu
sample_028,diningtable,clean,0,robust_superpixel,0.900095,0.947421,cpu
sample_028,diningtable,clean,0,repaired_superpixel,0.900259,0.947512,cpu
sample_028,diningtable,clean,0,sam_noisy_prompt,0.947105,0.972834,cuda
sample_028,diningtable,clean,0,sam_repaired_prompt,0.945091,0.971770,cuda
sample_028,diningtable,clean,0,sam_score_selected_prompt,0.945091,0.971770,cuda
sample_028,diningtable,clean,0,sam_oracle_best_prompt,0.947105,0.972834,cuda
sample_028,diningtable,mild,0,center_color,0.752925,0.859050,cpu
sample_028,diningtable,mild,0,robust_superpixel,0.782393,0.877913,cpu
sample_028,diningtable,mild,0,repaired_superpixel,0.802305,0.890310,cpu
sample_028,diningtable,mild,0,sam_noisy_prompt,0.923453,0.960203,cuda
sample_028,diningtable,mild,0,sam_repaired_prompt,0.926509,0.961853,cuda
sample_028,diningtable,mild,0,sam_score_selected_prompt,0.923453,0.960203,cuda
sample_028,diningtable,mild,0,sam_oracle_best_prompt,0.926509,0.961853,cuda
sample_028,diningtable,mild,1,center_color,0.791463,0.883594,cpu
sample_028,diningtable,mild,1,robust_superpixel,0.878253,0.935181,cpu
sample_028,diningtable,mild,1,repaired_superpixel,0.872717,0.932033,cpu
sample_028,diningtable,mild,1,sam_noisy_prompt,0.956519,0.977777,cuda
sample_028,diningtable,mild,1,sam_repaired_prompt,0.956437,0.977733,cuda
sample_028,diningtable,mild,1,sam_score_selected_prompt,0.956437,0.977733,cuda
sample_028,diningtable,mild,1,sam_oracle_best_prompt,0.956519,0.977777,cuda
sample_028,diningtable,moderate,0,center_color,0.714964,0.833795,cpu
sample_028,diningtable,moderate,0,robust_superpixel,0.634166,0.776134,cpu
sample_028,diningtable,moderate,0,repaired_superpixel,0.645353,0.784455,cpu
sample_028,diningtable,moderate,0,sam_noisy_prompt,0.822991,0.902902,cuda
sample_028,diningtable,moderate,0,sam_repaired_prompt,0.714282,0.833331,cuda
sample_028,diningtable,moderate,0,sam_score_selected_prompt,0.714282,0.833331,cuda
sample_028,diningtable,moderate,0,sam_oracle_best_prompt,0.822991,0.902902,cuda
sample_028,diningtable,moderate,1,center_color,0.765905,0.867436,cpu
sample_028,diningtable,moderate,1,robust_superpixel,0.778979,0.875760,cpu
sample_028,diningtable,moderate,1,repaired_superpixel,0.784163,0.879026,cpu
sample_028,diningtable,moderate,1,sam_noisy_prompt,0.934821,0.966313,cuda
sample_028,diningtable,moderate,1,sam_repaired_prompt,0.934145,0.965951,cuda
sample_028,diningtable,moderate,1,sam_score_selected_prompt,0.934821,0.966313,cuda
sample_028,diningtable,moderate,1,sam_oracle_best_prompt,0.934821,0.966313,cuda
sample_029,boat,clean,0,center_color,0.883212,0.937984,cpu
sample_029,boat,clean,0,robust_superpixel,0.883212,0.937984,cpu
sample_029,boat,clean,0,repaired_superpixel,0.844444,0.915663,cpu
sample_029,boat,clean,0,sam_noisy_prompt,0.736170,0.848039,cuda
sample_029,boat,clean,0,sam_repaired_prompt,0.746204,0.854658,cuda
sample_029,boat,clean,0,sam_score_selected_prompt,0.746204,0.854658,cuda
sample_029,boat,clean,0,sam_oracle_best_prompt,0.746204,0.854658,cuda
sample_029,boat,mild,0,center_color,0.734151,0.846698,cpu
sample_029,boat,mild,0,robust_superpixel,0.734151,0.846698,cpu
sample_029,boat,mild,0,repaired_superpixel,0.807256,0.893350,cpu
sample_029,boat,mild,0,sam_noisy_prompt,0.752137,0.858537,cuda
sample_029,boat,mild,0,sam_repaired_prompt,0.755365,0.860636,cuda
sample_029,boat,mild,0,sam_score_selected_prompt,0.752137,0.858537,cuda
sample_029,boat,mild,0,sam_oracle_best_prompt,0.755365,0.860636,cuda
sample_029,boat,mild,1,center_color,0.750511,0.857477,cpu
sample_029,boat,mild,1,robust_superpixel,0.750511,0.857477,cpu
sample_029,boat,mild,1,repaired_superpixel,0.757764,0.862191,cpu
sample_029,boat,mild,1,sam_noisy_prompt,0.735849,0.847826,cuda
sample_029,boat,mild,1,sam_repaired_prompt,0.737395,0.848851,cuda
sample_029,boat,mild,1,sam_score_selected_prompt,0.735849,0.847826,cuda
sample_029,boat,mild,1,sam_oracle_best_prompt,0.737395,0.848851,cuda
sample_029,boat,moderate,0,center_color,0.587336,0.740028,cpu
sample_029,boat,moderate,0,robust_superpixel,0.587336,0.740028,cpu
sample_029,boat,moderate,0,repaired_superpixel,0.630485,0.773371,cpu
sample_029,boat,moderate,0,sam_noisy_prompt,0.739785,0.850433,cuda
sample_029,boat,moderate,0,sam_repaired_prompt,0.750547,0.857500,cuda
sample_029,boat,moderate,0,sam_score_selected_prompt,0.739785,0.850433,cuda
sample_029,boat,moderate,0,sam_oracle_best_prompt,0.750547,0.857500,cuda
sample_029,boat,moderate,1,center_color,0.440389,0.611486,cpu
sample_029,boat,moderate,1,robust_superpixel,0.440389,0.611486,cpu
sample_029,boat,moderate,1,repaired_superpixel,0.443627,0.614601,cpu
sample_029,boat,moderate,1,sam_noisy_prompt,0.737069,0.848635,cuda
sample_029,boat,moderate,1,sam_repaired_prompt,0.733189,0.846058,cuda
sample_029,boat,moderate,1,sam_score_selected_prompt,0.733189,0.846058,cuda
sample_029,boat,moderate,1,sam_oracle_best_prompt,0.737069,0.848635,cuda
